use restaurantes;
-- Adicionando Dados dos Clientes
INSERT INTO clientes (id_cliente, nome, cpf, data_nascimento, endereco, telefone, email, data_cadastro) VALUES
(1, 'Pedro Almeida', '123.456.789-00', '1985-01-15', 'Rua A, 123, São Paulo', '11987654321', 'pedro@email.com', '2025-08-20'),
(2, 'Luciana Costa', '234.567.890-11', '1990-05-20', 'Av. B, 456, Rio de Janeiro', '11912345678', 'luciana@email.com', '2025-08-19'),
(3, 'Rafael Lima', '345.678.901-22', '1987-09-12', 'Rua C, 789, Niterói', '21988887777', 'rafael@email.com', '2025-08-18'),
(4, 'Mariana Santos', '456.789.012-33', '1992-03-08', 'Av. D, 321, São Paulo', '21998765432', 'mariana@email.com', '2025-08-17'),
(5, 'Thiago Ribeiro', '567.890.123-44', '1989-07-25', 'Rua E, 654, Rio de Janeiro', '11911223344', 'thiago@email.com', '2025-08-16'),
(6, 'Carla Fernandes', '678.901.234-55', '1991-11-10', 'Av. F, 987, Niterói', '21944332211', 'carla@email.com', '2025-08-15'),
(7, 'Gustavo Moreira', '789.012.345-66', '1986-04-30', 'Rua G, 147, São Paulo', '11955667788', 'gustavo@email.com', '2025-08-14'),
(8, 'Juliana Dias', '890.123.456-77', '1993-08-17', 'Av. H, 258, Rio de Janeiro', '21966778899', 'juliana@email.com', '2025-08-13'),
(9, 'Daniela Pires', '901.234.567-88', '1988-02-22', 'Rua I, 369, Niterói', '11999887766', 'daniela@email.com', '2025-08-12'),
(10, 'Felipe Rocha', '012.345.678-99', '1990-12-05', 'Av. J, 159, São Paulo', '21988776655', 'felipe@email.com', '2025-08-11'),
(11, 'Renata Silva', '111.222.333-44', '1987-06-14', 'Rua K, 753, Rio de Janeiro', '11933445566', 'renata@email.com', '2025-08-10'),
(12, 'André Costa', '222.333.444-55', '1989-09-19', 'Av. L, 852, Niterói', '21922334455', 'andre@email.com', '2025-08-09'),
(13, 'Isabela Martins', '333.444.555-66', '1992-01-28', 'Rua M, 951, São Paulo', '11911224433', 'isabela@email.com', '2025-08-08'),
(14, 'Bruno Souza', '444.555.666-77', '1985-07-03', 'Av. N, 357, Rio de Janeiro', '21999885544', 'bruno@email.com', '2025-08-07'),
(15, 'Patrícia Lima', '555.666.777-88', '1991-03-21', 'Rua O, 258, Niterói', '11966778855', 'patricia@email.com', '2025-08-06'),
(16, 'Eduardo Fernandes', '666.777.888-99', '1986-10-09', 'Av. P, 147, São Paulo', '21955664433', 'eduardo@email.com', '2025-08-05'),
(17, 'Aline Rocha', '777.888.999-00', '1993-05-13', 'Rua Q, 369, Rio de Janeiro', '11944556677', 'aline@email.com', '2025-08-04'),
(18, 'Ricardo Martins', '888.999.000-11', '1988-11-27', 'Av. R, 753, Niterói', '21977889900', 'ricardo@email.com', '2025-08-03'),
(19, 'Vanessa Santos', '999.000.111-22', '1990-08-04', 'Rua S, 852, São Paulo', '11922336655', 'vanessa@email.com', '2025-08-02'),
(20, 'Marcelo Almeida', '000.111.222-33', '1987-02-16', 'Av. T, 951, Rio de Janeiro', '21933446655', 'marcelo@email.com', '2025-08-01'),
(21, 'Caroline Dias', '123.321.456-78', '1992-06-11', 'Rua U, 147, Niterói', '11999882211', 'caroline@email.com', '2025-07-31'),
(22, 'Alexandre Pires', '234.432.567-89', '1989-12-01', 'Av. V, 258, São Paulo', '21966774433', 'alexandre@email.com', '2025-07-30'),
(23, 'Fabiana Rocha', '345.543.678-90', '1991-09-07', 'Rua W, 369, Rio de Janeiro', '11988775544', 'fabiana@email.com', '2025-07-29'),
(24, 'Leandro Costa', '456.654.789-01', '1985-04-18', 'Av. X, 753, Niterói', '21955667799', 'leandro@email.com', '2025-07-28'),
(25, 'Aline Souza', '567.765.890-12', '1990-01-05', 'Rua Y, 852, São Paulo', '11911223355', 'aline2@email.com', '2025-07-27'),
(26, 'Thiago Martins', '678.876.901-23', '1988-07-22', 'Av. Z, 951, Rio de Janeiro', '21999887733', 'thiago2@email.com', '2025-07-26'),
(27, 'Juliana Rocha', '789.987.012-34', '1993-03-30', 'Rua AA, 147, Niterói', '11966778822', 'juliana2@email.com', '2025-07-25'),
(28, 'Rodrigo Lima', '890.098.123-45', '1987-10-14', 'Av. BB, 258, São Paulo', '21955664422', 'rodrigo@email.com', '2025-07-24'),
(29, 'Patrícia Silva', '901.109.234-56', '1991-08-29', 'Rua CC, 369, Rio de Janeiro', '11944556688', 'patricia2@email.com', '2025-07-23'),
(30, 'Carlos Fernandes', '012.210.345-67', '1986-05-06', 'Av. DD, 753, Niterói', '21977889911', 'carlos@email.com', '2025-07-22');
-- Adicionando Dados dos Funcionarios
INSERT INTO funcionarios (id_funcionario, nome, cpf, data_nascimento, endereco, telefone, email, cargo, salario, data_admissao) VALUES
(1, 'Ana Souza', '321.654.987-00', '1984-02-10', 'Rua F, 123, São Paulo', '11911224455', 'ana.souza@email.com', 'Atendente', 1800.00, '2020-01-15'),
(2, 'Carlos Oliveira', '432.765.098-11', '1982-06-22', 'Av. G, 456, Rio de Janeiro', '21999881122', 'carlos.oliveira@email.com', 'Garçom', 2000.00, '2019-03-20'),
(3, 'Mariana Silva', '543.876.109-22', '1987-09-05', 'Rua H, 789, Niterói', '21988774433', 'mariana.silva@email.com', 'Cozinheira', 2500.00, '2021-07-10'),
(4, 'João Santos', '654.987.210-33', '1980-11-17', 'Av. I, 321, São Paulo', '11955669988', 'joao.santos@email.com', 'Gerente', 3500.00, '2018-05-25'),
(5, 'Beatriz Lima', '765.098.321-44', '1990-03-30', 'Rua J, 654, Rio de Janeiro', '21966773344', 'beatriz.lima@email.com', 'Atendente', 1800.00, '2021-11-12'),
(6, 'Fernando Costa', '876.109.432-55', '1985-07-12', 'Av. K, 987, Niterói', '11933447788', 'fernando.costa@email.com', 'Garçom', 2000.00, '2020-09-01'),
(7, 'Camila Rocha', '987.210.543-66', '1992-01-25', 'Rua L, 147, São Paulo', '21944556677', 'camila.rocha@email.com', 'Cozinheira', 2500.00, '2022-02-15'),
(8, 'Rafael Almeida', '098.321.654-77', '1988-05-18', 'Av. M, 258, Rio de Janeiro', '11977889900', 'rafael.almeida@email.com', 'Atendente', 1800.00, '2019-08-20'),
(9, 'Juliana Martins', '109.432.765-88', '1991-10-03', 'Rua N, 369, Niterói', '21922334455', 'juliana.martins@email.com', 'Garçom', 2000.00, '2021-04-10'),
(10, 'Eduardo Lima', '210.543.876-99', '1983-12-27', 'Av. O, 159, São Paulo', '11955667722', 'eduardo.lima@email.com', 'Cozinheiro', 2500.00, '2017-12-01'),
(11, 'Patrícia Fernandes', '321.654.987-11', '1989-06-08', 'Rua P, 753, Rio de Janeiro', '21988776655', 'patricia.fernandes@email.com', 'Atendente', 1800.00, '2020-06-15'),
(12, 'Ricardo Souza', '432.765.098-22', '1986-09-19', 'Av. Q, 852, Niterói', '11911223366', 'ricardo.souza@email.com', 'Garçom', 2000.00, '2018-10-22'),
(13, 'Caroline Dias', '543.876.109-33', '1993-02-11', 'Rua R, 951, São Paulo', '21999887733', 'caroline.dias@email.com', 'Cozinheira', 2500.00, '2022-01-05'),
(14, 'Alexandre Pires', '654.987.210-44', '1987-07-04', 'Av. S, 357, Rio de Janeiro', '11966774455', 'alexandre.pires@email.com', 'Gerente', 3500.00, '2019-03-30'),
(15, 'Fabiana Rocha', '765.098.321-55', '1990-11-21', 'Rua T, 258, Niterói', '21955664433', 'fabiana.rocha@email.com', 'Atendente', 1800.00, '2021-09-12'),
(16, 'Leandro Costa', '876.109.432-66', '1985-04-15', 'Av. U, 147, São Paulo', '11999882211', 'leandro.costa@email.com', 'Garçom', 2000.00, '2017-07-19'),
(17, 'Aline Souza', '987.210.543-77', '1992-08-09', 'Rua V, 369, Rio de Janeiro', '21933446655', 'aline.souza@email.com', 'Cozinheira', 2500.00, '2022-05-03'),
(18, 'Thiago Martins', '098.321.654-88', '1988-12-23', 'Av. W, 753, Niterói', '11944557788', 'thiago.martins@email.com', 'Atendente', 1800.00, '2020-11-11'),
(19, 'Juliana Rocha', '109.432.765-99', '1991-03-16', 'Rua X, 852, São Paulo', '21966778844', 'juliana.rocha@email.com', 'Garçom', 2000.00, '2021-06-20'),
(20, 'Rodrigo Lima', '210.543.876-00', '1986-05-30', 'Av. Y, 951, Rio de Janeiro', '11955669977', 'rodrigo.lima@email.com', 'Cozinheiro', 2500.00, '2018-02-28');

-- Adicionando os Produtos
INSERT INTO produtos (id_produto, nome, descricao, preco, categoria) VALUES
(1, 'Bolo de Chocolate', 'Bolo fofinho com cobertura de chocolate', 25.00, 'Sobremesa'),
(2, 'Bife Acebolado', 'Bife bovino grelhado com cebolas caramelizadas', 35.00, 'Prato Principal'),
(3, 'Pizza Margherita', 'Pizza com molho de tomate, queijo e manjericão', 40.00, 'Prato Principal'),
(4, 'Frango com Cogumelos', 'Peito de frango ao molho de cogumelos', 38.00, 'Prato Principal'),
(5, 'Arroz e Feijão', 'Arroz branco com feijão carioca temperado', 15.00, 'Acompanhamento'),
(6, 'Batata Frita', 'Batatas fritas crocantes', 12.00, 'Acompanhamento'),
(7, 'Salada Mista', 'Alface, tomate, cenoura e molho especial', 18.00, 'Entrada'),
(8, 'Filé de Peixe Grelhado', 'Filé de peixe grelhado com limão', 42.00, 'Prato Principal'),
(9, 'Brownie', 'Brownie de chocolate com pedaços de chocolate', 20.00, 'Sobremesa'),
(10, 'Macarrão ao Molho Branco', 'Massa ao molho branco cremoso com queijo', 30.00, 'Prato Principal'),
(11, 'Costelinha Barbecue', 'Costelinha suína ao molho barbecue', 45.00, 'Prato Principal'),
(12, 'Omelete Doce', 'Omelete doce com açúcar e canela', 22.00, 'Sobremesa'),
(13, 'Sanduíche de Presunto e Queijo', 'Pão, presunto, queijo e manteiga', 18.00, 'Lanche'),
(14, 'Legumes Salteados', 'Mix de legumes salteados no azeite', 16.00, 'Acompanhamento'),
(15, 'Frango ao Curry', 'Frango cozido com curry e leite de coco', 37.00, 'Prato Principal'),
(16, 'Carne ao Shoyu', 'Carne bovina cozida ao molho shoyu', 40.00, 'Prato Principal'),
(17, 'Peixe com Batatas', 'Filé de peixe acompanhado de batatas assadas', 43.00, 'Prato Principal'),
(18, 'Massa ao Pesto', 'Massa ao molho pesto com queijo parmesão', 32.00, 'Prato Principal'),
(19, 'Camarão Alho e Óleo', 'Camarão salteado no alho e óleo', 50.00, 'Prato Principal'),
(20, 'Bruschetta', 'Pão torrado com tomate, manjericão e azeite', 20.00, 'Entrada'),
(21, 'Bolo de Leite', 'Bolo macio com creme de leite e cobertura', 24.00, 'Sobremesa'),
(22, 'Carne Moída Refogada', 'Carne moída refogada com temperos', 36.00, 'Prato Principal'),
(23, 'Frango Grelhado', 'Peito de frango grelhado simples', 34.00, 'Prato Principal'),
(24, 'Legumes ao Molho de Soja', 'Legumes variados ao molho de soja', 16.00, 'Acompanhamento'),
(25, 'Sanduíche de Queijo e Ovo', 'Pão, ovo frito e queijo', 19.00, 'Lanche');

-- Adicionando as Info dos Produtos
INSERT INTO info_produtos (id_info, id_produto, ingredientes, fornecedor) VALUES
(1, 1, 'Farinha, Açúcar, Ovos, Chocolate, Manteiga', 'Padaria São José'),
(2, 2, 'Bife bovino, Cebola, Sal, Pimenta, Alho', 'Carnes Oliveira'),
(3, 3, 'Massa, Molho de tomate, Queijo, Manjericão', 'Massas Italiana'),
(4, 4, 'Peito de frango, Creme de leite, Cogumelos, Sal, Pimenta', 'Frangos do Sul'),
(5, 5, 'Arroz, Feijão, Alho, Cebola, Óleo', 'Grãos Brasil'),
(6, 6, 'Batata, Óleo, Sal, Temperos diversos', 'Legumes & Cia'),
(7, 7, 'Alface, Tomate, Cenoura, Azeite, Vinagre', 'Horta Fresca'),
(8, 8, 'Filé de peixe, Limão, Sal, Pimenta', 'Peixes do Mar'),
(9, 9, 'Chocolate, Açúcar, Ovos, Manteiga', 'Doces e Cia'),
(10, 10, 'Macarrão, Molho branco, Queijo, Creme de leite', 'Massas Italiana'),
(11, 11, 'Costelinha suína, Molho barbecue, Sal, Pimenta', 'Carnes Oliveira'),
(12, 12, 'Ovos, Açúcar, Leite, Farinha', 'Padaria São José'),
(13, 13, 'Pão, Queijo, Presunto, Manteiga', 'Padaria São José'),
(14, 14, 'Legumes variados, Azeite, Sal, Temperos', 'Horta Fresca'),
(15, 15, 'Frango, Curry, Leite de coco, Alho, Sal', 'Frangos do Sul'),
(16, 16, 'Carne bovina, Cebola, Molho shoyu, Alho', 'Carnes Oliveira'),
(17, 17, 'Peixe, Batata, Ervas finas, Sal, Limão', 'Peixes do Mar'),
(18, 18, 'Massa, Molho pesto, Queijo parmesão', 'Massas Italiana'),
(19, 19, 'Camarão, Alho, Azeite, Limão, Sal', 'Frutos do Mar Ltda'),
(20, 20, 'Tomate, Manjericão, Queijo, Azeite', 'Horta Fresca'),
(21, 21, 'Farinha, Leite, Açúcar, Creme de leite', 'Padaria São José'),
(22, 22, 'Carne moída, Cebola, Tomate, Alho, Sal', 'Carnes Oliveira'),
(23, 23, 'Frango, Alho, Limão, Sal, Azeite', 'Frangos do Sul'),
(24, 24, 'Legumes, Molho de soja, Óleo, Temperos', 'Horta Fresca'),
(25, 25, 'Pão, Queijo, Ovo, Manteiga', 'Padaria São José');

-- Adicionando os Pedidos

INSERT INTO pedidos (id_pedido, id_cliente, id_funcionario, id_produto, quantidade, preco, data_pedido, status) VALUES
(1, 1, 1, 1, 2, 50.00, '2025-08-20', 'Concluído'),
(2, 2, 2, 2, 1, 35.00, '2025-08-20', 'Concluído'),
(3, 3, 3, 3, 1, 40.00, '2025-08-19', 'Concluído'),
(4, 4, 4, 4, 3, 114.00, '2025-08-19', 'Em preparo'),
(5, 5, 5, 5, 1, 15.00, '2025-08-18', 'Cancelado'),
(6, 6, 6, 6, 2, 24.00, '2025-08-18', 'Concluído'),
(7, 7, 7, 7, 1, 18.00, '2025-08-17', 'Concluído'),
(8, 8, 8, 8, 1, 42.00, '2025-08-17', 'Em preparo'),
(9, 9, 9, 9, 3, 60.00, '2025-08-16', 'Concluído'),
(10, 10, 10, 10, 1, 30.00, '2025-08-16', 'Concluído'),
(11, 11, 11, 11, 2, 90.00, '2025-08-15', 'Em preparo'),
(12, 12, 12, 12, 1, 22.00, '2025-08-15', 'Concluído'),
(13, 13, 13, 13, 1, 18.00, '2025-08-14', 'Concluído'),
(14, 14, 14, 14, 2, 32.00, '2025-08-14', 'Concluído'),
(15, 15, 15, 15, 1, 37.00, '2025-08-13', 'Em preparo'),
(16, 16, 16, 16, 1, 40.00, '2025-08-13', 'Concluído'),
(17, 17, 17, 17, 2, 86.00, '2025-08-12', 'Concluído'),
(18, 18, 18, 18, 1, 32.00, '2025-08-12', 'Concluído'),
(19, 19, 19, 19, 1, 50.00, '2025-08-11', 'Em preparo'),
(20, 20, 20, 20, 2, 40.00, '2025-08-11', 'Concluído'),
(21, 21, 1, 21, 1, 24.00, '2025-08-10', 'Concluído'),
(22, 22, 2, 22, 1, 36.00, '2025-08-10', 'Concluído'),
(23, 23, 3, 23, 2, 68.00, '2025-08-09', 'Em preparo'),
(24, 24, 4, 24, 1, 16.00, '2025-08-09', 'Concluído'),
(25, 25, 5, 25, 3, 57.00, '2025-08-08', 'Concluído'),
(26, 26, 6, 1, 1, 25.00, '2025-08-08', 'Cancelado'),
(27, 27, 7, 5, 2, 30.00, '2025-08-07', 'Concluído'),
(28, 28, 8, 10, 1, 30.00, '2025-08-07', 'Concluído'),
(29, 29, 9, 15, 1, 37.00, '2025-08-06', 'Em preparo'),
(30, 30, 10, 20, 2, 40.00, '2025-08-06', 'Concluído');





